{
  "0": {
    "0": 0.7487588520746112,
    "1": 0.25124114792538876
  },
  "1": {
    "0": 0.7469653844549687,
    "1": 0.2530346155450312
  },
  "2": {
    "0": 0.6104655333048371,
    "1": 0.38953446669516295
  },
  "3": {
    "0": 0.7480300152264883,
    "1": 0.2519699847735118
  },
  "4": {
    "0": 0.7423263608331987,
    "1": 0.2576736391668013
  },
  "5": {
    "0": 0.6367589052599537,
    "1": 0.3632410947400462
  },
  "6": {
    "0": 0.6356773855792027,
    "1": 0.3643226144207974
  },
  "7": {
    "0": 0.7462509350369747,
    "1": 0.25374906496302524
  },
  "8": {
    "0": 0.7258665851442097,
    "1": 0.27413341485579035
  },
  "9": {
    "0": 0.7296475416995132,
    "1": 0.2703524583004868
  },
  "10": {
    "0": 0.7288210400609231,
    "1": 0.27117895993907687
  },
  "11": {
    "0": 0.7296766888963814,
    "1": 0.27032331110361857
  },
  "12": {
    "0": 0.725703071796123,
    "1": 0.27429692820387697
  },
  "13": {
    "0": 0.7471390841112834,
    "1": 0.25286091588871673
  },
  "14": {
    "0": 0.6308584565539579,
    "1": 0.3691415434460421
  },
  "15": {
    "0": 0.6572764627484711,
    "1": 0.34272353725152876
  },
  "16": {
    "0": 0.6512745081156066,
    "1": 0.3487254918843935
  },
  "17": {
    "0": 0.6526381030491714,
    "1": 0.3473618969508285
  },
  "18": {
    "0": 0.6523283054509986,
    "1": 0.3476716945490015
  },
  "19": {
    "0": 0.6523986889176948,
    "1": 0.3476013110823051
  },
  "20": {
    "0": 0.652382698415594,
    "1": 0.347617301584406
  },
  "21": {
    "0": 0.6523863311283556,
    "1": 0.34761366887164435
  },
  "22": {
    "0": 0.6523855066788067,
    "1": 0.3476144933211933
  },
  "23": {
    "0": 0.6523856901442602,
    "1": 0.34761430985573977
  },
  "24": {
    "0": 0.6523856653764519,
    "1": 0.34761433462354807
  },
  "25": {
    "0": 0.6523855965552123,
    "1": 0.34761440344478767
  },
  "26": {
    "0": 0.6523859398799483,
    "1": 0.34761406012005164
  },
  "27": {
    "0": 0.6523844195337488,
    "1": 0.34761558046625113
  },
  "28": {
    "0": 0.6523911135250666,
    "1": 0.34760888647493343
  },
  "29": {
    "0": 0.6523616489991504,
    "1": 0.3476383510008496
  },
  "30": {
    "0": 0.6524913391954021,
    "1": 0.34750866080459786
  },
  "31": {
    "0": 0.6519204990667713,
    "1": 0.3480795009332287
  },
  "32": {
    "0": 0.6544330902157811,
    "1": 0.34556690978421883
  },
  "33": {
    "0": 0.6433737516160507,
    "1": 0.3566262483839493
  }
}